Workbook

Sheet malaria_weather_fct.csv
A1: Location | B1: Month | C1: Malaria_Cases | D1: Avg_Temperature(C) | E1: Rainfall(mm) | F1: Humidity(%)
A2: FCT | B2: 44927 | C2: 429 | D2: 31.5 | E2: 247 | F2: 61.5
A3: FCT | B3: 44958 | C3: 594 | D3: 31.6 | E3: 307.8 | F3: 81.2
A4: FCT | B4: 44986 | C4: 209 | D4: 28 | E4: 333.3 | F4: 65.2
A5: FCT | B5: 45017 | C5: 437 | D5: 24.2 | E5: 235.3 | F5: 87.6
A6: FCT | B6: 45047 | C6: 242 | D6: 30.8 | E6: 241.5 | F6: 77.4
A7: FCT | B7: 45078 | C7: 271 | D7: 30.3 | E7: 102.2 | F7: 72.3
A8: FCT | B8: 45108 | C8: 593 | D8: 26.4 | E8: 101.7 | F8: 87.1
A9: FCT | B9: 45139 | C9: 281 | D9: 29.1 | E9: 149.9 | F9: 65.7
A10: FCT | B10: 45170 | C10: 422 | D10: 31.5 | E10: 69.7 | F10: 72.1
A11: FCT | B11: 45200 | C11: 311 | D11: 28.3 | E11: 287.3 | F11: 64.2
A12: FCT | B12: 45231 | C12: 260 | D12: 28.3 | E12: 54.4 | F12: 85
A13: FCT | B13: 45261 | C13: 289 | D13: 28.3 | E13: 183.3 | F13: 68.5
... A61: Kaduna | B61: 45261 | C61: 585 | D61: 24.5 | E61: 193.1 | F61: 76.8

Sheet Kogi
A1: Location | B1: Month | C1: Malaria_Cases | D1: Avg_Temperature(C) | E1: Rainfall(mm) | F1: Humidity(%)
A2: Kogi | B2: 44927 | C2: 288 | D2: 30.7 | E2: 148.8 | F2: 83
A3: Kogi | B3: 44958 | C3: 421 | D3: 26.7 | E3: 294.6 | F3: 69.4 | H3: Analysis | I3: Correlation Value
A4: Kogi | B4: 44986 | C4: 378 | D4: 29.5 | E4: 136.4 | F4: 74.3 | H4: Malaria vs Temperature | I4: =CORREL(C2:C13, D2:D13) -> -0.47424791
A5: Kogi | B5: 45017 | C5: 585 | D5: 26 | E5: 55.3 | F5: 66.1 | H5: Malaria vs Rainfall | I5: =CORREL(C2:C13, E2:E13) -> -0.26489264
A6: Kogi | B6: 45047 | C6: 501 | D6: 28 | E6: 297.3 | F6: 62.7 | H6: Malaria vs Humidity | I6: =CORREL(C2:C13, F2:F13) -> 0.082563655
A7: Kogi | B7: 45078 | C7: 584 | D7: 28.2 | E7: 64.4 | F7: 66
A8: Kogi | B8: 45108 | C8: 568 | D8: 25 | E8: 181 | F8: 85.4
A9: Kogi | B9: 45139 | C9: 592 | D9: 24.4 | E9: 229.2 | F9: 86.7
A10: Kogi | B10: 45170 | C10: 547 | D10: 24.3 | E10: 127.4 | F10: 63.5
A11: Kogi | B11: 45200 | C11: 322 | D11: 30.9 | E11: 260.3 | F11: 65.9
A12: Kogi | B12: 45231 | C12: 334 | D12: 26.9 | E12: 163.3 | F12: 60.2
A13: Kogi | B13: 45261 | C13: 189 | D13: 25.6 | E13: 197.7 | F13: 71.3

Sheet Niger
A1: Location | B1: Month | C1: Malaria_Cases | D1: Avg_Temperature(C) | E1: Rainfall(mm) | F1: Humidity(%)
A2: Niger | B2: 44927 | C2: 269 | D2: 27.5 | E2: 280.6 | F2: 78.4
A3: Niger | B3: 44958 | C3: 324 | D3: 27.7 | E3: 332.8 | F3: 78.9
A4: Niger | B4: 44986 | C4: 349 | D4: 31.4 | E4: 192 | F4: 64 | H4: Analysis | I4: Correlation Value
A5: Niger | B5: 45017 | C5: 371 | D5: 28.7 | E5: 61.6 | F5: 60.3 | H5: Malaria vs Temperature | I5: =CORREL(C2:C13, D2:D13) -> 0.77478835
A6: Niger | B6: 45047 | C6: 347 | D6: 31.2 | E6: 277 | F6: 81.3 | H6: Malaria vs Rainfall | I6: =CORREL(C2:C13, E2:E13) -> -0.21990397
A7: Niger | B7: 45078 | C7: 311 | D7: 26.4 | E7: 124.4 | F7: 81.9 | H7: Malaria vs Humidity | I7: =CORREL(C2:C13, F2:F13) -> 0.16831508
A8: Niger | B8: 45108 | C8: 248 | D8: 26 | E8: 204 | F8: 63
A9: Niger | B9: 45139 | C9: 516 | D9: 30.2 | E9: 146.2 | F9: 69.6
A10: Niger | B10: 45170 | C10: 265 | D10: 24.3 | E10: 85.8 | F10: 71.1
A11: Niger | B11: 45200 | C11: 158 | D11: 24.3 | E11: 153.5 | F11: 67.8
A12: Niger | B12: 45231 | C12: 428 | D12: 31.2 | E12: 48.2 | F12: 87.5
A13: Niger | B13: 45261 | C13: 325 | D13: 27.9 | E13: 155.8 | F13: 83.9

Sheet Kaduna
A1: Location | B1: Month | C1: Malaria_Cases | D1: Avg_Temperature(C) | E1: Rainfall(mm) | F1: Humidity(%)
A2: Kaduna | B2: 44927 | C2: 479 | D2: 27.3 | E2: 331.2 | F2: 83
A3: Kaduna | B3: 44958 | C3: 377 | D3: 30.4 | E3: 333.4 | F3: 82.3
A4: Kaduna | B4: 44986 | C4: 526 | D4: 29.6 | E4: 234.4 | F4: 74.3
A5: Kaduna | B5: 45017 | C5: 443 | D5: 28.3 | E5: 253.2 | F5: 83 | H5: Analysis | I5: Correlation Value
A6: Kaduna | B6: 45047 | C6: 303 | D6: 30.7 | E6: 263 | F6: 61.7 | H6: Malaria vs Temperature | I6: =CORREL(C2:C13, D2:D13) -> -0.06336088
A7: Kaduna | B7: 45078 | C7: 595 | D7: 30.2 | E7: 171.1 | F7: 89.4 | H7: Malaria vs Rainfall | I7: =CORREL(C2:C13, E2:E13) -> -0.40027495
A8: Kaduna | B8: 45108 | C8: 181 | D8: 25.6 | E8: 334.2 | F8: 67.1 | H8: Malaria vs Humidity | I8: =CORREL(C2:C13, F2:F13) -> 0.55117066
A9: Kaduna | B9: 45139 | C9: 491 | D9: 27 | E9: 334.2 | F9: 74.6
A10: Kaduna | B10: 45170 | C10: 588 | D10: 29.3 | E10: 254.3 | F10: 87.9
A11: Kaduna | B11: 45200 | C11: 567 | D11: 24.5 | E11: 326.4 | F11: 66.4
A12: Kaduna | B12: 45231 | C12: 550 | D12: 28.5 | E12: 348.1 | F12: 89.1
A13: Kaduna | B13: 45261 | C13: 585 | D13: 24.5 | E13: 193.1 | F13: 76.8

Sheet Nasarawa
A1: Location | B1: Month | C1: Malaria_Cases | D1: Avg_Temperature(C) | E1: Rainfall(mm) | F1: Humidity(%)
A2: Nasarawa | B2: 44927 | C2: 198 | D2: 28.8 | E2: 303 | F2: 83.9
A3: Nasarawa | B3: 44958 | C3: 194 | D3: 27.8 | E3: 92.6 | F3: 77.8
A4: Nasarawa | B4: 44986 | C4: 253 | D4: 24.2 | E4: 42.2 | F4: 63
A5: Nasarawa | B5: 45017 | C5: 275 | D5: 31.5 | E5: 191.7 | F5: 72.1 | H5: Analysis | I5: Correlation Value
A6: Nasarawa | B6: 45047 | C6: 478 | D6: 31.9 | E6: 162.7 | F6: 81.1 | H6: Malaria vs Temperature | I6: =CORREL(C2:C13, D2:D13) -> 0.11045709
A7: Nasarawa | B7: 45078 | C7: 296 | D7: 31.5 | E7: 324.9 | F7: 82.9 | H7: Malaria vs Rainfall | I7: =CORREL(C2:C13, E2:E13) -> -0.055492215
A8: Nasarawa | B8: 45108 | C8: 396 | D8: 30.1 | E8: 38.7 | F8: 73.9 | H8: Malaria vs Humidity | I8: =CORREL(C2:C13, F2:F13) -> 0.10400106
A9: Nasarawa | B9: 45139 | C9: 592 | D9: 29.7 | E9: 235.7 | F9: 80
A10: Nasarawa | B10: 45170 | C10: 284 | D10: 28.2 | E10: 103.8 | F10: 88.4
A11: Nasarawa | B11: 45200 | C11: 360 | D11: 28.1 | E11: 255.6 | F11: 72.3
A12: Nasarawa | B12: 45231 | C12: 184 | D12: 30.3 | E12: 348.4 | F12: 78.3
A13: Nasarawa | B13: 45261 | C13: 504 | D13: 26.3 | E13: 222.8 | F13: 80.5

Sheet FCT
A1: Location | B1: Month | C1: Malaria_Cases | D1: Avg_Temperature(C) | E1: Rainfall(mm) | F1: Humidity(%)
A2: FCT | B2: 44927 | C2: 429 | D2: 31.5 | E2: 247 | F2: 61.5
A3: FCT | B3: 44958 | C3: 594 | D3: 31.6 | E3: 307.8 | F3: 81.2 | H3: Analysis | I3: Correlation Value
A4: FCT | B4: 44986 | C4: 209 | D4: 28 | E4: 333.3 | F4: 65.2 | H4: Malaria vs Temperature | I4: =CORREL(C2:C13, D2:D13) -> -0.021555414
A5: FCT | B5: 45017 | C5: 437 | D5: 24.2 | E5: 235.3 | F5: 87.6 | H5: Malaria vs Rainfall | I5: =CORREL(C2:C13, E2:E13) -> -0.0040183764
A6: FCT | B6: 45047 | C6: 242 | D6: 30.8 | E6: 241.5 | F6: 77.4 | H6: Malaria vs Humidity | I6: =CORREL(C2:C13, F2:F13) -> 0.4609842
A7: FCT | B7: 45078 | C7: 271 | D7: 30.3 | E7: 102.2 | F7: 72.3
A8: FCT | B8: 45108 | C8: 593 | D8: 26.4 | E8: 101.7 | F8: 87.1
A9: FCT | B9: 45139 | C9: 281 | D9: 29.1 | E9: 149.9 | F9: 65.7
A10: FCT | B10: 45170 | C10: 422 | D10: 31.5 | E10: 69.7 | F10: 72.1
A11: FCT | B11: 45200 | C11: 311 | D11: 28.3 | E11: 287.3 | F11: 64.2
A12: FCT | B12: 45231 | C12: 260 | D12: 28.3 | E12: 54.4 | F12: 85
A13: FCT | B13: 45261 | C13: 289 | D13: 28.3 | E13: 183.3 | F13: 68.5

Sheet Summary Analysis
A1: Summary Analysis | F1: Malaria Correlation Summary – Insights
A3: State | B3: Malaria vs Temperature | C3: Malaria vs Rainfall | D3: Malaria vs Humidity | F3: State | G3: Temp Corr | H3: Rainfall Corr | I3: Humidity Corr | J3: Key Insight | L3: Key Notes:
A4: Kogi | B4: =Kogi!I4 -> -0.47424791 | C4: =Kogi!I5 -> -0.26489264 | D4: =Kogi!I6 -> 0.082563655 | F4: Kogi | G4: -0.474 | H4: -0.265 | I4: 0.083 | J4: Moderate negative correlation with temperature; humidity minimal influence. | L4: 🟥 Red → Strong negative correlation
A5: FCT | B5: =FCT!I4 -> -0.021555414 | C5: =FCT!I5 -> -0.0040183764 | D5: =FCT!I6 -> 0.4609842 | F5: FCT | G5: -0.022 | H5: -0.004 | I5: 0.461 | J5: Malaria cases moderately influenced by humidity; temperature and rainfall weak. | L5: ⬜ White → No/weak correlation (≈ 0)
A6: Niger | B6: =Niger!I5 -> 0.77478835 | C6: =Niger!I6 -> -0.21990397 | D6: =Niger!I7 -> 0.16831508 | F6: Niger | G6: 0.775 | H6: -0.22 | I6: 0.168 | J6: Very strong positive correlation with temperature; malaria increases in hotter periods. | L6: 🟩 Green → Strong positive correlation
A7: Kaduna | B7: =Kaduna!I6 -> -0.06336088 | C7: =Kaduna!I7 -> -0.40027495 | D7: =Kaduna!I8 -> 0.55117066 | F7: Kaduna | G7: -0.064 | H7: -0.4 | I7: 0.551 | J7: Strong positive correlation with humidity; malaria risk rises during humid periods.
A8: Nasarawa | B8: =Nasarawa!I6 -> 0.11045709 | C8: =Nasarawa!I7 -> -0.055492215 | D8: =Nasarawa!I8 -> 0.10400106 | F8: Nasarawa | G8: 0.11 | H8: -0.055 | I8: 0.104 | J8: Weak correlations overall; no strong weather predictor identified.
B33: The analysis reveals that humidity is the most consistently influential weather variable affecting malaria incidence across several states, particularly in Kaduna and FCT where moderate positive correlations were observed. Temperature shows a strong and significant relationship with malaria cases in Niger State (0.775), indicating that higher temperatures are associated with increased malaria incidence in that region. In contrast, rainfall demonstrates weak and inconsistent correlations across most states, suggesting a limited direct impact on malaria incidence.
H34: This chart shows a strong positive relationship between tempreture and malaria cases in Niger State. | M34: Here, humidity shows a strong influence on malaria incidence in Kaduna | T34: Rainfall demonstrates weak and inconsistent correlations across the selected states, suggesting that its impact on malaria transmission varies and may depend on other environmental factors.
